,series_id,name,iso,1980,1981,1982,1983,1984,1985,1986,1987,1988,1989,1990,1991,1992,1993,1994,1995,1996,1997,1998,1999,2000,2001,2002,2003,2004,2005,2006,2007,2008,2009,2010,2011,2012,2013,2014,2015,2016,2017,2018,2019,2020,2021
0,INTL.26-4-GNQ-BCF.A,"Dry natural gas exports, Equatorial Guinea, Annual",GNQ,NA,NA,NA,NA,NA,NA,NA,NA,NA,NA,0,0,0,0,0,0,0,0,0,0,0,0,0,0,0,0,0,50,157,167,182,186,169,180,169,177,163,172,156,126,,
0,INTL.26-4-GRC-BCF.A,"Dry natural gas exports, Greece, Annual",GRC,NA,NA,NA,NA,NA,NA,NA,NA,NA,NA,0,0,0,0,0,0,0,0,0,0,0,0,0,0,0,0,0,0,0,0,0,0,0,0,0,0,0,0,0,0.5,1.2,
0,INTL.26-4-GRD-BCF.A,"Dry natural gas exports, Grenada, Annual",GRD,NA,NA,NA,NA,NA,NA,NA,NA,NA,NA,0,0,0,0,0,0,0,0,0,0,0,0,0,0,0,0,0,0,0,0,0,0,0,0,0,0,0,0,0,0,0,0
0,INTL.26-4-GRL-BCF.A,"Dry natural gas exports, Greenland, Annual",GRL,NA,NA,NA,NA,NA,NA,NA,NA,NA,NA,0,0,0,0,0,0,0,0,0,0,0,0,0,0,0,0,0,0,0,0,0,0,0,0,0,0,0,0,0,0,0,0
0,INTL.26-4-GTM-BCF.A,"Dry natural gas exports, Guatemala, Annual",GTM,NA,NA,NA,NA,NA,NA,NA,NA,NA,NA,0,0,0,0,0,0,0,0,0,0,0,0,0,0,0,0,0,0,0,0,0,0,0,0,0,0,0,0,0,0,0,0
0,INTL.26-4-GUF-BCF.A,"Dry natural gas exports, French Guiana, Annual",GUF,NA,NA,NA,NA,NA,NA,NA,NA,NA,NA,0,0,0,0,0,0,0,0,0,0,0,0,0,0,0,0,0,0,0,0,0,0,0,0,0,0,0,0,0,0,0,0
0,INTL.26-4-GUM-BCF.A,"Dry natural gas exports, Guam, Annual",GUM,NA,NA,NA,NA,NA,NA,NA,NA,NA,NA,0,0,0,0,0,0,0,0,0,0,0,0,0,0,0,0,0,0,0,0,0,0,0,0,0,0,0,0,0,0,0,0
0,INTL.26-4-GUY-BCF.A,"Dry natural gas exports, Guyana, Annual",GUY,NA,NA,NA,NA,NA,NA,NA,NA,NA,NA,0,0,0,0,0,0,0,0,0,0,0,0,0,0,0,0,0,0,0,0,0,0,0,0,0,0,0,0,0,0,0,0
0,INTL.26-4-HITZ-BCF.A,"Dry natural gas exports, Hawaiian Trade Zone, Annual",HITZ,NA,NA,NA,NA,NA,NA,NA,--,--,--,--,--,--,--,--,--,--,--,--,--,--,--,--,--,--,--,--,--,--,--,--,--,--,--,--,--,,,--,--,--,--
0,INTL.26-4-HKG-BCF.A,"Dry natural gas exports, Hong Kong, Annual",HKG,NA,NA,NA,NA,NA,NA,NA,NA,NA,NA,0,0,0,0,0,0,0,0,0,0,0,0,0,0,0,0,0,0,0,0,0,0,0,0,0,0,0,0,0,0,0,0
0,INTL.26-4-RUS-BCF.A,"Dry natural gas exports, Russia, Annual",RUS,--,--,--,--,--,--,--,--,--,--,--,--,6869,6343,6494,6788,6942,6708,7021,7160,6590,6316,6198,6790,7219,7861,8402,8187,8380,7123,6466,6643,6311,6876,6663,7056,7545,7926,8535,9078,8456,8859
0,INTL.26-4-RWA-BCF.A,"Dry natural gas exports, Rwanda, Annual",RWA,NA,NA,NA,NA,NA,NA,NA,NA,NA,NA,0,0,0,0,0,0,0,0,0,0,0,0,0,0,0,0,0,0,0,0,0,0,0,0,0,0,0,0,0,0,0,0
0,INTL.26-4-SAU-BCF.A,"Dry natural gas exports, Saudi Arabia, Annual",SAU,NA,NA,NA,NA,NA,NA,NA,NA,NA,NA,0,0,0,0,0,0,0,0,0,0,0,0,0,0,0,0,0,0,0,0,0,0,0,0,0,0,0,0,0,0,0,0
0,INTL.26-4-SCG-BCF.A,"Dry natural gas exports, Former Serbia and Montenegro, Annual",SCG,--,--,--,--,--,--,--,--,--,--,--,--,0,0,0,0,0,0,0,0,0,0,0,0,0,0,--,--,--,--,--,--,--,--,--,--,--,--,--,--,--,--
0,INTL.26-4-SDN-BCF.A,"Dry natural gas exports, Sudan, Annual",SDN,NA,NA,NA,NA,NA,NA,NA,NA,NA,NA,0,0,0,0,0,0,0,0,0,0,0,0,0,0,0,0,0,0,0,0,0,0,0,0,0,0,0,0,0,0,0,0
0,INTL.26-4-SEN-BCF.A,"Dry natural gas exports, Senegal, Annual",SEN,NA,NA,NA,NA,NA,NA,NA,NA,NA,NA,0,0,0,0,0,0,0,0,0,0,0,0,0,0,0,0,0,0,0,0,0,0,0,0,0,0,0,0,0,0,0,0
0,INTL.26-4-SGP-BCF.A,"Dry natural gas exports, Singapore, Annual",SGP,NA,NA,NA,NA,NA,NA,NA,NA,NA,NA,0,0,0,0,0,0,0,0,0,0,0,0,0,0,0,0,0,0,0,0,0,0,0,0,0,8.8,14,22,26,17,19,
0,INTL.26-4-SHN-BCF.A,"Dry natural gas exports, Saint Helena, Annual",SHN,NA,NA,NA,NA,NA,NA,NA,NA,NA,NA,0,0,0,0,0,0,0,0,0,0,0,0,0,0,0,0,0,0,0,0,0,0,0,0,0,0,0,0,0,0,0,0
0,INTL.26-4-SLB-BCF.A,"Dry natural gas exports, Solomon Islands, Annual",SLB,NA,NA,NA,NA,NA,NA,NA,NA,NA,NA,0,0,0,0,0,0,0,0,0,0,0,0,0,0,0,0,0,0,0,0,0,0,0,0,0,0,0,0,0,0,0,0
0,INTL.26-4-SLE-BCF.A,"Dry natural gas exports, Sierra Leone, Annual",SLE,NA,NA,NA,NA,NA,NA,NA,NA,NA,NA,0,0,0,0,0,0,0,0,0,0,0,0,0,0,0,0,0,0,0,0,0,0,0,0,0,0,0,0,0,0,0,0
0,INTL.26-4-SLV-BCF.A,"Dry natural gas exports, El Salvador, Annual",SLV,NA,NA,NA,NA,NA,NA,NA,NA,NA,NA,0,0,0,0,0,0,0,0,0,0,0,0,0,0,0,0,0,0,0,0,0,0,0,0,0,0,0,0,0,0,0,0
0,INTL.26-4-SOM-BCF.A,"Dry natural gas exports, Somalia, Annual",SOM,NA,NA,NA,NA,NA,NA,NA,NA,NA,NA,0,0,0,0,0,0,0,0,0,0,0,0,0,0,0,0,0,0,0,0,0,0,0,0,0,0,0,0,0,0,0,0
0,INTL.26-4-SPM-BCF.A,"Dry natural gas exports, Saint Pierre and Miquelon, Annual",SPM,NA,NA,NA,NA,NA,NA,NA,NA,NA,NA,0,0,0,0,0,0,0,0,0,0,0,0,0,0,0,0,0,0,0,0,0,0,0,0,0,0,0,0,0,0,0,0
0,INTL.26-4-HND-BCF.A,"Dry natural gas exports, Honduras, Annual",HND,NA,NA,NA,NA,NA,NA,NA,NA,NA,NA,0,0,0,0,0,0,0,0,0,0,0,0,0,0,0,0,0,0,0,0,0,0,0,0,0,0,0,0,0,0,0,0
0,INTL.26-4-HRV-BCF.A,"Dry natural gas exports, Croatia, Annual",HRV,--,--,--,--,--,--,--,--,--,--,--,--,0,0,0,0,0,0,0,0,0,0,0,0,0,0,0,11,10,12,6.4,5.5,3.6,13,15,13,13,6.1,4,1.6,1.2,
0,INTL.26-4-HTI-BCF.A,"Dry natural gas exports, Haiti, Annual",HTI,NA,NA,NA,NA,NA,NA,NA,NA,NA,NA,0,0,0,0,0,0,0,0,0,0,0,0,0,0,0,0,0,0,0,0,0,0,0,0,0,0,0,0,0,0,0,0
0,INTL.26-4-ABW-BCF.A,"Dry natural gas exports, Aruba, Annual",ABW,--,--,--,--,--,--,NA,NA,NA,NA,0,0,0,0,0,0,0,0,0,0,0,0,0,0,0,0,0,0,0,0,0,0,0,0,0,0,0,0,0,0,0,0
0,INTL.26-4-AFG-BCF.A,"Dry natural gas exports, Afghanistan, Annual",AFG,NA,NA,NA,NA,NA,NA,NA,NA,NA,NA,36,0,0,0,0,0,0,0,0,0,0,0,0,0,0,0,0,0,0,0,0,0,0,0,0,0,0,0,0,0,0,0
0,INTL.26-4-AGO-BCF.A,"Dry natural gas exports, Angola, Annual",AGO,NA,NA,NA,NA,NA,NA,NA,NA,NA,NA,0,0,0,0,0,0,0,0,0,0,0,0,0,0,0,0,0,0,0,0,0,0,0,18,18,0,32,141,187,208,,
0,INTL.26-4-ALB-BCF.A,"Dry natural gas exports, Albania, Annual",ALB,NA,NA,NA,NA,NA,NA,NA,NA,NA,NA,0,0,0,0,0,0,0,0,0,0,0,0,0,0,0,0,0,0,0,0,0,0,0,0,0,0,0,0,0,0,0,0
0,INTL.26-4-ARE-BCF.A,"Dry natural gas exports, United Arab Emirates, Annual",ARE,NA,NA,NA,NA,NA,NA,NA,NA,NA,NA,117,126,121,139,150,248,253,276,252,266,245,250,253,251,264,252,251,269,267,248,270,451,268,261,285,274,273,265,266,271,,
0,INTL.26-4-ARG-BCF.A,"Dry natural gas exports, Argentina, Annual",ARG,NA,NA,NA,NA,NA,NA,NA,NA,NA,NA,0,0,0,0,0,0,0,24,44,120,148,209,206,228,274,245,217,91,34,31,15,7.1,3.5,3.1,2.5,2.8,2.8,2.7,9.5,24,,
0,INTL.26-4-PER-BCF.A,"Dry natural gas exports, Peru, Annual",PER,NA,NA,NA,NA,NA,NA,NA,NA,NA,NA,0,0,0,0,0,0,0,0,0,0,0,0,0,0,0,0,0,0,0,0,61,199,185,183,185,171,202,194,178,192,,
0,INTL.26-4-HUN-BCF.A,"Dry natural gas exports, Hungary, Annual",HUN,NA,NA,NA,NA,NA,NA,NA,NA,NA,NA,1,0.3,5.3,0,0,0,0,0,(s),0.2,2.8,0.1,0,0,0,0,0.2,0.7,0.8,3,8,20,29,52,26,19,38,124,176,246,133,
0,INTL.26-4-IDN-BCF.A,"Dry natural gas exports, Indonesia, Annual",IDN,NA,NA,NA,NA,NA,NA,NA,NA,NA,NA,972,1049,1117,1123,1241,1176,1246,1246,1286,1382,1279,1162,1266,1384,1353,1282,1207,1296,1272,1212,1457,1373,1241,1117,1121,1070,1053,1052,1011,864,845,
0,INTL.26-4-ARM-BCF.A,"Dry natural gas exports, Armenia, Annual",ARM,--,--,--,--,--,--,--,--,--,--,--,--,0,0,0,0,0,0,0,0,0,0,0,0,0,0,0,0,0,0,0,0,0,0,0,0,0,0,0,0,0,0
0,INTL.26-4-ASM-BCF.A,"Dry natural gas exports, American Samoa, Annual",ASM,NA,NA,NA,NA,NA,NA,NA,NA,NA,NA,0,0,0,0,0,0,0,0,0,0,0,0,0,0,0,0,0,0,0,0,0,0,0,0,0,0,0,0,0,0,0,0
0,INTL.26-4-SRB-BCF.A,"Dry natural gas exports, Serbia, Annual",SRB,--,--,--,--,--,--,--,--,--,--,--,--,--,--,--,--,--,--,--,--,--,--,--,--,--,--,0,0,0,0,0,0,0,0,0,0,0,0,0,0,0,0
0,INTL.26-4-SSD-BCF.A,"Dry natural gas exports, South Sudan, Annual",SSD,--,--,--,--,--,--,--,--,--,--,--,--,--,--,--,--,--,--,--,--,--,--,--,--,--,--,--,--,--,--,--,--,0,0,0,0,0,0,0,0,0,0
0,INTL.26-4-STP-BCF.A,"Dry natural gas exports, Sao Tome and Principe, Annual",STP,NA,NA,NA,NA,NA,NA,NA,NA,NA,NA,0,0,0,0,0,0,0,0,0,0,0,0,0,0,0,0,0,0,0,0,0,0,0,0,0,0,0,0,0,0,0,0
0,INTL.26-4-SUN-BCF.A,"Dry natural gas exports, Former U.S.S.R., Annual",SUN,NA,NA,NA,NA,NA,NA,NA,NA,NA,NA,3935,3748,--,--,--,--,--,--,--,--,--,--,--,--,--,--,--,--,--,--,--,--,--,--,--,--,--,--,--,--,--,--
0,INTL.26-4-SUR-BCF.A,"Dry natural gas exports, Suriname, Annual",SUR,NA,NA,NA,NA,NA,NA,NA,NA,NA,NA,0,0,0,0,0,0,0,0,0,0,0,0,0,0,0,0,0,0,0,0,0,0,0,0,0,0,0,0,0,0,0,0
0,INTL.26-4-SVK-BCF.A,"Dry natural gas exports, Slovakia, Annual",SVK,--,--,--,--,--,--,--,--,--,--,--,--,--,0.5,4.8,0,0,0,0,0,0,0,0,0.1,(s),13,20,6.4,6.6,0.5,0,0.1,1.7,0.5,0.1,0,0,0,0,0,0,
0,INTL.26-4-SVN-BCF.A,"Dry natural gas exports, Slovenia, Annual",SVN,--,--,--,--,--,--,--,--,--,--,--,--,0,0,0,0,0,0,0,0,0,0,0,0,0,0,0,0,0,0,0,0,0,0,0,0,0,0.1,0.4,0,0,
0,INTL.26-4-SWE-BCF.A,"Dry natural gas exports, Sweden, Annual",SWE,NA,NA,NA,NA,NA,NA,NA,NA,NA,NA,0,0,0,0,0,0,0,0,0,0,0,0,0,0,0,0,0,0,0,0,0,0,0,0,0,0,0,1,1.2,1.1,1.2,
0,INTL.26-4-SWZ-BCF.A,"Dry natural gas exports, Eswatini, Annual",SWZ,NA,NA,NA,NA,NA,NA,NA,NA,NA,NA,0,0,0,0,0,0,0,0,0,0,0,0,0,0,0,0,0,0,0,0,0,0,0,0,0,0,0,0,0,0,0,0
0,INTL.26-4-SYC-BCF.A,"Dry natural gas exports, Seychelles, Annual",SYC,NA,NA,NA,NA,NA,NA,NA,NA,NA,NA,0,0,0,0,0,0,0,0,0,0,0,0,0,0,0,0,0,0,0,0,0,0,0,0,0,0,0,0,0,0,0,0
0,INTL.26-4-SYR-BCF.A,"Dry natural gas exports, Syria, Annual",SYR,NA,NA,NA,NA,NA,NA,NA,NA,NA,NA,0,0,0,0,0,0,0,0,0,0,0,0,0,0,0,0,0,0,0,0,0,0,0,0,0,0,0,0,0,0,0,0
0,INTL.26-4-TCA-BCF.A,"Dry natural gas exports, Turks and Caicos Islands, Annual",TCA,NA,NA,NA,NA,NA,NA,NA,NA,NA,NA,0,0,0,0,0,0,0,0,0,0,0,0,0,0,0,0,0,0,0,0,0,0,0,0,0,0,0,0,0,0,0,0
0,INTL.26-4-TCD-BCF.A,"Dry natural gas exports, Chad, Annual",TCD,NA,NA,NA,NA,NA,NA,NA,NA,NA,NA,0,0,0,0,0,0,0,0,0,0,0,0,0,0,0,0,0,0,0,0,0,0,0,0,0,0,0,0,0,0,0,0
0,INTL.26-4-TGO-BCF.A,"Dry natural gas exports, Togo, Annual",TGO,NA,NA,NA,NA,NA,NA,NA,NA,NA,NA,0,0,0,0,0,0,0,0,0,0,0,0,0,0,0,0,0,0,0,0,0,0,0,0,0,0,0,0,0,0,0,0
0,INTL.26-4-THA-BCF.A,"Dry natural gas exports, Thailand, Annual",THA,NA,NA,NA,NA,NA,NA,NA,NA,NA,NA,0,0,0,0,0,0,0,0,0,0,0,0,0,0,0,0,0,0,0,0,0,0,0,0,0,0,0,0,0,0,0,0
0,INTL.26-4-TJK-BCF.A,"Dry natural gas exports, Tajikistan, Annual",TJK,--,--,--,--,--,--,--,--,--,--,--,--,0,0,0,0,0,0,0,0,0,0,0,0,0,0,0,0,0,0,0,0,0,0,0,0,0,0,0,0,0,0
0,INTL.26-4-TKM-BCF.A,"Dry natural gas exports, Turkmenistan, Annual",TKM,--,--,--,--,--,--,--,--,--,--,--,--,1879,2144,1109,971,1137,738,304,590,1381,1363,1483,1533,1483,1596,1636,1851,1971,595,709,1245,1265,1457,1589,1423,1284,1347,1485,1350,,
0,INTL.26-4-TLS-BCF.A,"Dry natural gas exports, Timor-Leste, Annual",TLS,--,--,--,--,--,--,--,--,--,--,--,--,--,--,--,--,--,--,--,--,--,--,--,0,0,0,147,200,230,232,212,196,194,228,222,272,223,204,206,180,,
0,INTL.26-4-TON-BCF.A,"Dry natural gas exports, Tonga, Annual",TON,NA,NA,NA,NA,NA,NA,NA,NA,NA,NA,0,0,0,0,0,0,0,0,0,0,0,0,0,0,0,0,0,0,0,0,0,0,0,0,0,0,0,0,0,0,0,0
0,INTL.26-4-TTO-BCF.A,"Dry natural gas exports, Trinidad and Tobago, Annual",TTO,NA,NA,NA,NA,NA,NA,NA,NA,NA,NA,0,0,0,0,0,0,0,0,0,77,139,139,188,421,492,560,574,663,613,697,676,623,626,626,615,547,531,547,619,624,518,
0,INTL.26-4-TUN-BCF.A,"Dry natural gas exports, Tunisia, Annual",TUN,NA,NA,NA,NA,NA,NA,NA,NA,NA,NA,0,16,9,0,0,0,0,0,0,0,0,0,0,0,0,0,0,0,0,0,0,0,0,0,0,0,0,0,0,0,0,0
0,INTL.26-4-TUR-BCF.A,"Dry natural gas exports, Turkey, Annual",TUR,NA,NA,NA,NA,NA,NA,NA,NA,NA,NA,0,0,0,0,0,0,0,0,0,0,0,0,0,0,0,0,0,1.1,15,25,23,25,22,24,22,22,24,22,24,27,,
0,INTL.26-4-TUV-BCF.A,"Dry natural gas exports, Tuvalu, Annual",TUV,0,0,0,0,0,0,0,0,0,0,0,0,0,0,0,0,0,0,0,0,0,0,0,0,0,0,0,0,0,0,0,0,0,0,0,0,0,0,0,0,0,0
0,INTL.26-4-TWN-BCF.A,"Dry natural gas exports, Taiwan, Annual",TWN,NA,NA,NA,NA,NA,NA,NA,NA,NA,NA,0,0,0,0,0,0,0,0,0,0,0,14,0,0,0,0,0,0,0,0,0,0,0,0,0,0,0,0,0,0,0,0
0,INTL.26-4-TZA-BCF.A,"Dry natural gas exports, Tanzania, Annual",TZA,NA,NA,NA,NA,NA,NA,NA,NA,NA,NA,0,0,0,0,0,0,0,0,0,0,0,0,0,0,0,0,0,0,0,0,0,0,0,0,0,0,0,0,0,0,0,0
0,INTL.26-4-UGA-BCF.A,"Dry natural gas exports, Uganda, Annual",UGA,NA,NA,NA,NA,NA,NA,NA,NA,NA,NA,0,0,0,0,0,0,0,0,0,0,0,0,0,0,0,0,0,0,0,0,0,0,0,0,0,0,0,0,0,0,0,0
0,INTL.26-4-IND-BCF.A,"Dry natural gas exports, India, Annual",IND,NA,NA,NA,NA,NA,NA,NA,NA,NA,NA,0,0,0,0,0,0,0,0,0,0,0,0,0,0,0,0,0,0,0,0,0,0,0,0,0,9.5,2.5,2.7,1.3,3.2,,
0,INTL.26-4-IRL-BCF.A,"Dry natural gas exports, Ireland, Annual",IRL,NA,NA,NA,NA,NA,NA,NA,NA,NA,NA,0,0,0,0,0,0,0,0,0,0,0,0,0,0,0,0,0,0,0,0,0,0,0,0,0,0,0,0,0,0,0,0
0,INTL.26-4-IRN-BCF.A,"Dry natural gas exports, Iran, Annual",IRN,NA,NA,NA,NA,NA,NA,NA,NA,NA,NA,53,106,0,18,0,3.5,3.5,0,0,0,0,4.2,24,124,126,153,201,218,145,209,297,314,326,337,339,296,296,442,523,622,,
0,INTL.26-4-IRQ-BCF.A,"Dry natural gas exports, Iraq, Annual",IRQ,NA,NA,NA,NA,NA,NA,NA,NA,NA,NA,71,0,0,0,0,0,0,0,0,0,0,0,0,0,0,0,0,0,0,0,0,0,0,0,0,0,0,0,0,0,0,0
0,INTL.26-4-FLK-BCF.A,"Dry natural gas exports, Falkland Islands, Annual",FLK,NA,NA,NA,NA,NA,NA,NA,NA,NA,NA,0,0,0,0,0,0,0,0,0,0,0,0,0,0,0,0,0,0,0,0,0,0,0,0,0,0,0,0,0,0,0,0
0,INTL.26-4-FRA-BCF.A,"Dry natural gas exports, France, Annual",FRA,NA,NA,NA,NA,NA,NA,NA,NA,NA,NA,12,18,37,20,26,25,28,47,28,26,27,28,27,27,27,32,32,39,35,30,54,41,214,177,250,191,131,213,209,381,321,
0,INTL.26-4-FRO-BCF.A,"Dry natural gas exports, Faroe Islands, Annual",FRO,NA,NA,NA,NA,NA,NA,NA,NA,NA,NA,0,0,0,0,0,0,0,0,0,0,0,0,0,0,0,0,0,0,0,0,0,0,0,0,0,0,0,0,0,0,0,0
0,INTL.26-4-FSM-BCF.A,"Dry natural gas exports, Micronesia, Annual",FSM,0,0,0,0,0,0,0,0,0,0,0,0,0,0,0,0,0,0,0,0,0,0,0,0,0,0,0,0,0,0,0,0,0,0,0,0,0,0,0,0,0,0
0,INTL.26-4-GAB-BCF.A,"Dry natural gas exports, Gabon, Annual",GAB,NA,NA,NA,NA,NA,NA,NA,NA,NA,NA,0,0,0,0,0,0,0,0,0,0,0,0,0,0,0,0,0,0,0,0,0,0,0,0,0,0,0,0,0,0,0,0
0,INTL.26-4-GBR-BCF.A,"Dry natural gas exports, United Kingdom, Annual",GBR,NA,NA,NA,NA,NA,NA,NA,NA,NA,NA,0,0,2,22,31,36,55,65,104,275,530,457,459,537,346,326,360,367,406,430,565,593,462,348,404,500,368,404,274,292,339,243
0,INTL.26-4-GEO-BCF.A,"Dry natural gas exports, Georgia, Annual",GEO,--,--,--,--,--,--,--,--,--,--,--,--,7.1,7.1,0,0,0,0,0,0,0,0,0,0,0,0,0,0,0,0,0,0,0,0,0,0,0,0,0,0,0,0
0,INTL.26-4-GHA-BCF.A,"Dry natural gas exports, Ghana, Annual",GHA,NA,NA,NA,NA,NA,NA,NA,NA,NA,NA,0,0,0,0,0,0,0,0,0,0,0,0,0,0,0,0,0,0,0,0,0,0,0,0,0,0,0,0,0,0,0,0
0,INTL.26-4-GIB-BCF.A,"Dry natural gas exports, Gibraltar, Annual",GIB,NA,NA,NA,NA,NA,NA,NA,NA,NA,NA,0,0,0,0,0,0,0,0,0,0,0,0,0,0,0,0,0,0,0,0,0,0,0,0,0,0,0,0,0,0,0,0
0,INTL.26-4-GIN-BCF.A,"Dry natural gas exports, Guinea, Annual",GIN,NA,NA,NA,NA,NA,NA,NA,NA,NA,NA,0,0,0,0,0,0,0,0,0,0,0,0,0,0,0,0,0,0,0,0,0,0,0,0,0,0,0,0,0,0,0,0
0,INTL.26-4-GLP-BCF.A,"Dry natural gas exports, Guadeloupe, Annual",GLP,NA,NA,NA,NA,NA,NA,NA,NA,NA,NA,0,0,0,0,0,0,0,0,0,0,0,0,0,0,0,0,0,0,0,0,0,0,0,0,0,0,0,0,0,0,0,0
0,INTL.26-4-GMB-BCF.A,"Dry natural gas exports, Gambia, The, Annual",GMB,NA,NA,NA,NA,NA,NA,NA,NA,NA,NA,0,0,0,0,0,0,0,0,0,0,0,0,0,0,0,0,0,0,0,0,0,0,0,0,0,0,0,0,0,0,0,0
0,INTL.26-4-GNB-BCF.A,"Dry natural gas exports, Guinea-Bissau, Annual",GNB,NA,NA,NA,NA,NA,NA,NA,NA,NA,NA,0,0,0,0,0,0,0,0,0,0,0,0,0,0,0,0,0,0,0,0,0,0,0,0,0,0,0,0,0,0,0,0
0,INTL.26-4-PHL-BCF.A,"Dry natural gas exports, Philippines, Annual",PHL,NA,NA,NA,NA,NA,NA,NA,NA,NA,NA,0,0,0,0,0,0,0,0,0,0,0,0,0,0,0,0,0,0,0,0,0,0,0,0,0,0,0,0,0,0,0,0
0,INTL.26-4-ISL-BCF.A,"Dry natural gas exports, Iceland, Annual",ISL,NA,NA,NA,NA,NA,NA,NA,NA,NA,NA,0,0,0,0,0,0,0,0,0,0,0,0,0,0,0,0,0,0,0,0,0,0,0,0,0,0,0,0,0,0,0,0
0,INTL.26-4-ISR-BCF.A,"Dry natural gas exports, Israel, Annual",ISR,NA,NA,NA,NA,NA,NA,NA,NA,NA,NA,0,0,0,0,0,0,0,0,0,0,0,0,0,0,0,0,0,0,0,0,0,0,0,0,0,0,0,0,0,0,0,0
0,INTL.26-4-ITA-BCF.A,"Dry natural gas exports, Italy, Annual",ITA,NA,NA,NA,NA,NA,NA,NA,NA,NA,NA,1,1,1,1.2,1.2,1.3,1.5,1.5,1.7,1.8,1.8,2.2,1.8,13,14,14,13,2.4,7.4,4.4,5,4.4,4.9,8.1,8.4,7.8,7.5,9.6,14,11,11,
0,INTL.26-4-JAM-BCF.A,"Dry natural gas exports, Jamaica, Annual",JAM,NA,NA,NA,NA,NA,NA,NA,NA,NA,NA,0,0,0,0,0,0,0,0,0,0,0,0,0,0,0,0,0,0,0,0,0,0,0,0,0,0,0,0,0,0,0,0
0,INTL.26-4-JOR-BCF.A,"Dry natural gas exports, Jordan, Annual",JOR,NA,NA,NA,NA,NA,NA,NA,NA,NA,NA,0,0,0,0,0,0,0,0,0,0,0,0,0,0,0,0,0,0,0,0,0,0,0,0,0,0,36,48,13,13,,
0,INTL.26-4-JPN-BCF.A,"Dry natural gas exports, Japan, Annual",JPN,NA,NA,NA,NA,NA,NA,NA,NA,NA,NA,0,0,0,0,0,0,0,0,0,0,0,0,0,0,0,0,0,0,0,0,0,0,0,0,0,0,0,6,3,(s),,
0,INTL.26-4-KAZ-BCF.A,"Dry natural gas exports, Kazakhstan, Annual",KAZ,--,--,--,--,--,--,--,--,--,--,--,--,258,240,85,85,85,78,81,71,120,145,226,240,247,176,283,23,28,334,411,397,390,403,419,434,461,452,570,580,,
0,INTL.26-4-PNG-BCF.A,"Dry natural gas exports, Papua New Guinea, Annual",PNG,NA,NA,NA,NA,NA,NA,NA,NA,NA,NA,0,0,0,0,0,0,0,0,0,0,0,0,0,0,0,0,0,0,0,0,0,0,0,0,164,343,385,392,349,401,415,
0,INTL.26-4-POL-BCF.A,"Dry natural gas exports, Poland, Annual",POL,NA,NA,NA,NA,NA,NA,NA,NA,NA,NA,0,0,0.1,0.6,0.9,1.1,1.5,1.4,1.4,1.4,1.4,1.4,1.5,1.7,1.7,1.6,1.6,1.6,1.4,1.4,1.6,1,0.1,3.3,2.7,2,31,44,24,25,,
0,INTL.26-4-PRI-BCF.A,"Dry natural gas exports, Puerto Rico, Annual",PRI,NA,NA,NA,NA,NA,NA,NA,NA,NA,NA,0,0,0,0,0,0,0,0,0,0,0,0,0,0,0,0,0,0,0,0,0,0,0,0,0,0,0,0,0,0,0,0
0,INTL.26-4-PRK-BCF.A,"Dry natural gas exports, North Korea, Annual",PRK,NA,NA,NA,NA,NA,NA,NA,NA,NA,NA,0,0,0,0,0,0,0,0,0,0,0,0,0,0,0,0,0,0,0,0,0,0,0,0,0,0,0,0,0,0,0,0
0,INTL.26-4-PRT-BCF.A,"Dry natural gas exports, Portugal, Annual",PRT,NA,NA,NA,NA,NA,NA,NA,NA,NA,NA,0,0,0,0,0,0,0,0,0,0,0,0,0,0,0,0,0,0,0,0,0,0,0,0,0,0,0,0,0,0,0,0
0,INTL.26-4-PRY-BCF.A,"Dry natural gas exports, Paraguay, Annual",PRY,NA,NA,NA,NA,NA,NA,NA,NA,NA,NA,0,0,0,0,0,0,0,0,0,0,0,0,0,0,0,0,0,0,0,0,0,0,0,0,0,0,0,0,0,0,0,0
0,INTL.26-4-PSE-BCF.A,"Dry natural gas exports, Palestinian Territories, Annual",PSE,--,--,--,--,--,--,--,--,--,--,--,--,--,--,--,--,--,0,0,0,0,0,0,0,0,0,0,0,0,0,0,0,0,0,0,0,0,0,0,0,0,0
0,INTL.26-4-PYF-BCF.A,"Dry natural gas exports, French Polynesia, Annual",PYF,NA,NA,NA,NA,NA,NA,NA,NA,NA,NA,0,0,0,0,0,0,0,0,0,0,0,0,0,0,0,0,0,0,0,0,0,0,0,0,0,0,0,0,0,0,0,0
0,INTL.26-4-QAT-BCF.A,"Dry natural gas exports, Qatar, Annual",QAT,NA,NA,NA,NA,NA,NA,NA,NA,NA,NA,0,0,0,0,0,0,0,101,169,286,496,584,649,678,853,957,1098,1536,2005,2408,3351,4230,4239,4331,4200,4375,4509,4466,4420,4476,,
0,INTL.26-4-REU-BCF.A,"Dry natural gas exports, Reunion, Annual",REU,NA,NA,NA,NA,NA,NA,NA,NA,NA,NA,0,0,0,0,0,0,0,0,0,0,0,0,0,0,0,0,0,0,0,0,0,0,0,0,0,0,0,0,0,0,0,0
0,INTL.26-4-ROU-BCF.A,"Dry natural gas exports, Romania, Annual",ROU,NA,NA,NA,NA,NA,NA,NA,NA,NA,NA,0,0,0,0,0,0,0,0,0,0,0,0,0,0,0,0,0,0,0,0,0,0,0,0,0,0,0,0.8,0.9,0.4,,
0,INTL.26-4-DZA-BCF.A,"Dry natural gas exports, Algeria, Annual",DZA,NA,NA,NA,NA,NA,NA,NA,NA,NA,NA,1083,1158,1241,1247,1116,1310,1432,1721,1868,2123,2214,2065,2078,2125,2150,2305,2175,2061,2078,1860,1970,1762,1787,1649,1568,1529,1897,1898,1807,1507,,
0,INTL.26-4-ECU-BCF.A,"Dry natural gas exports, Ecuador, Annual",ECU,NA,NA,NA,NA,NA,NA,NA,NA,NA,NA,0,0,0,0,0,0,0,0,0,0,0,0,0,0,0,0,0,0,0,0,0,0,0,0,0,0,0,0,0,0,0,0
0,INTL.26-4-EGY-BCF.A,"Dry natural gas exports, Egypt, Annual",EGY,NA,NA,NA,NA,NA,NA,NA,NA,NA,NA,0,0,0,0,0,0,0,0,0,0,0,0,0,12,39,293,597,560,598,647,535,372,267,175,25,0,1.6,42,74,177,,
0,INTL.26-4-ERI-BCF.A,"Dry natural gas exports, Eritrea, Annual",ERI,--,--,--,--,--,--,--,--,--,--,--,--,--,--,0,0,0,0,0,0,0,0,0,0,0,0,0,0,0,0,0,0,0,0,0,0,0,0,0,0,0,0
0,INTL.26-4-ESH-BCF.A,"Dry natural gas exports, Western Sahara, Annual",ESH,NA,NA,NA,NA,NA,NA,NA,NA,NA,NA,0,0,0,0,0,0,0,0,0,0,0,0,0,0,0,0,0,0,0,0,0,0,0,0,0,0,0,0,0,0,0,0
0,INTL.26-4-ESP-BCF.A,"Dry natural gas exports, Spain, Annual",ESP,NA,NA,NA,NA,NA,NA,NA,NA,NA,NA,0,0,0,0,0,0,0,0,0,0,0,0,0,0,0,0,0,0,1.7,36,41,60,99,206,290,178,141,102,115,40,42,
0,INTL.26-4-EST-BCF.A,"Dry natural gas exports, Estonia, Annual",EST,--,--,--,--,--,--,--,--,--,--,--,--,0,0,0,0,0,0,0,0,0,0,0,0,0,0,0,0,0,0,0,0,0,0,0,0,0,0,0,0,0,0
0,INTL.26-4-ETH-BCF.A,"Dry natural gas exports, Ethiopia, Annual",ETH,NA,NA,NA,NA,NA,NA,NA,NA,NA,NA,0,0,0,0,0,0,0,0,0,0,0,0,0,0,0,0,0,0,0,0,0,0,0,0,0,0,0,0,0,0,0,0
0,INTL.26-4-FIN-BCF.A,"Dry natural gas exports, Finland, Annual",FIN,NA,NA,NA,NA,NA,NA,NA,NA,NA,NA,0,0,0,0,0,0,0,0,0,0,0,0,0,0,0,0,0,0,0,0,0,0,0,(s),0,0,0,0.1,0.6,2.5,6.4,
0,INTL.26-4-FJI-BCF.A,"Dry natural gas exports, Fiji, Annual",FJI,NA,NA,NA,NA,NA,NA,NA,NA,NA,NA,0,0,0,0,0,0,0,0,0,0,0,0,0,0,0,0,0,0,0,0,0,0,0,0,0,0,0,0,0,0,0,0
0,INTL.26-4-MNP-BCF.A,"Dry natural gas exports, Northern Mariana Islands, Annual",MNP,0,0,0,0,0,0,0,0,0,0,0,0,0,0,0,0,0,0,0,0,0,0,0,0,0,0,0,0,0,0,0,0,0,0,0,0,0,0,0,0,0,0
0,INTL.26-4-CHN-BCF.A,"Dry natural gas exports, China, Annual",CHN,NA,NA,NA,NA,NA,NA,NA,NA,NA,NA,14,15,16,17,19,20,66,104,97,107,95,96,91,68,89,108,106,95,119,113,142,113,102,97,91,113,118,123,117,125,,
0,INTL.26-4-CIV-BCF.A,"Dry natural gas exports, Côte d’Ivoire, Annual",CIV,NA,NA,NA,NA,NA,NA,NA,NA,NA,NA,0,0,0,0,0,0,0,0,0,0,0,0,0,0,0,0,0,0,0,0,0,0,0,0,0,0,0,0,0,0,0,0
0,INTL.26-4-CMR-BCF.A,"Dry natural gas exports, Cameroon, Annual",CMR,NA,NA,NA,NA,NA,NA,NA,NA,NA,NA,0,0,0,0,0,0,0,0,0,0,0,0,0,0,0,0,0,0,0,0,0,0,0,0,0,0,0,0,30,57,,
0,INTL.26-4-COD-BCF.A,"Dry natural gas exports, Congo-Kinshasa, Annual",COD,NA,NA,NA,NA,NA,NA,NA,NA,NA,NA,0,0,0,0,0,0,0,0,0,0,0,0,0,0,0,0,0,0,0,0,0,0,0,0,0,0,0,0,0,0,0,0
0,INTL.26-4-COG-BCF.A,"Dry natural gas exports, Congo-Brazzaville, Annual",COG,NA,NA,NA,NA,NA,NA,NA,NA,NA,NA,0,0,0,0,0,0,0,0,0,0,0,0,0,0,0,0,0,0,0,0,0,0,0,0,0,0,0,0,0,0,0,0
0,INTL.26-4-COK-BCF.A,"Dry natural gas exports, Cook Islands, Annual",COK,NA,NA,NA,NA,NA,NA,NA,NA,NA,NA,0,0,0,0,0,0,0,0,0,0,0,0,0,0,0,0,0,0,0,0,0,0,0,0,0,0,0,0,0,0,0,0
0,INTL.26-4-COL-BCF.A,"Dry natural gas exports, Colombia, Annual",COL,NA,NA,NA,NA,NA,NA,NA,NA,NA,NA,0,0,0,0,0,0,0,0,0,0,0,0,0,0,0,0,0,3.5,53,64,77,75,65,74,34,14,0,0,0,0,0,
0,INTL.26-4-COM-BCF.A,"Dry natural gas exports, Comoros, Annual",COM,NA,NA,NA,NA,NA,NA,NA,NA,NA,NA,0,0,0,0,0,0,0,0,0,0,0,0,0,0,0,0,0,0,0,0,0,0,0,0,0,0,0,0,0,0,0,0
0,INTL.26-4-CPV-BCF.A,"Dry natural gas exports, Cabo Verde, Annual",CPV,NA,NA,NA,NA,NA,NA,NA,NA,NA,NA,0,0,0,0,0,0,0,0,0,0,0,0,0,0,0,0,0,0,0,0,0,0,0,0,0,0,0,0,0,0,0,0
0,INTL.26-4-CRI-BCF.A,"Dry natural gas exports, Costa Rica, Annual",CRI,NA,NA,NA,NA,NA,NA,NA,NA,NA,NA,0,0,0,0,0,0,0,0,0,0,0,0,0,0,0,0,0,0,0,0,0,0,0,0,0,0,0,0,0,0,0,0
0,INTL.26-4-MOZ-BCF.A,"Dry natural gas exports, Mozambique, Annual",MOZ,NA,NA,NA,NA,NA,NA,NA,NA,NA,NA,0,0,0,0,0,0,0,0,0,0,0,0,0,0,38,73,86,86,97,89,107,117,127,131,134,134,142,147,148,144,,
0,INTL.26-4-MRT-BCF.A,"Dry natural gas exports, Mauritania, Annual",MRT,NA,NA,NA,NA,NA,NA,NA,NA,NA,NA,0,0,0,0,0,0,0,0,0,0,0,0,0,0,0,0,0,0,0,0,0,0,0,0,0,0,0,0,0,0,0,0
0,INTL.26-4-MSR-BCF.A,"Dry natural gas exports, Montserrat, Annual",MSR,NA,NA,NA,NA,NA,NA,NA,NA,NA,NA,0,0,0,0,0,0,0,0,0,0,0,0,0,0,0,0,0,0,0,0,0,0,0,0,0,0,0,0,0,0,0,0
0,INTL.26-4-MTQ-BCF.A,"Dry natural gas exports, Martinique, Annual",MTQ,NA,NA,NA,NA,NA,NA,NA,NA,NA,NA,0,0,0,0,0,0,0,0,0,0,0,0,0,0,0,0,0,0,0,0,0,0,0,0,0,0,0,0,0,0,0,0
0,INTL.26-4-MUS-BCF.A,"Dry natural gas exports, Mauritius, Annual",MUS,NA,NA,NA,NA,NA,NA,NA,NA,NA,NA,0,0,0,0,0,0,0,0,0,0,0,0,0,0,0,0,0,0,0,0,0,0,0,0,0,0,0,0,0,0,0,0
0,INTL.26-4-MWI-BCF.A,"Dry natural gas exports, Malawi, Annual",MWI,NA,NA,NA,NA,NA,NA,NA,NA,NA,NA,0,0,0,0,0,0,0,0,0,0,0,0,0,0,0,0,0,0,0,0,0,0,0,0,0,0,0,0,0,0,0,0
0,INTL.26-4-MYS-BCF.A,"Dry natural gas exports, Malaysia, Annual",MYS,NA,NA,NA,NA,NA,NA,NA,NA,NA,NA,304,337,384,423,441,535,667,767,755,769,780,791,758,868,1020,1051,1039,1107,1085,1087,1123,1150,1157,1248,1231,1236,1243,1350,1202,1271,1208,
0,INTL.26-4-NAM-BCF.A,"Dry natural gas exports, Namibia, Annual",NAM,--,--,--,--,--,--,--,--,--,--,0,0,0,0,0,0,0,0,0,0,0,0,0,0,0,0,0,0,0,0,0,0,0,0,0,0,0,0,0,0,0,0
0,INTL.26-4-ATA-BCF.A,"Dry natural gas exports, Antarctica, Annual",ATA,NA,NA,NA,NA,NA,NA,NA,NA,NA,NA,0,0,0,0,0,0,0,0,0,0,0,0,0,0,0,0,0,0,0,0,0,0,0,0,0,0,0,0,0,0,0,0
0,INTL.26-4-ATG-BCF.A,"Dry natural gas exports, Antigua and Barbuda, Annual",ATG,NA,NA,NA,NA,NA,NA,NA,NA,NA,NA,0,0,0,0,0,0,0,0,0,0,0,0,0,0,0,0,0,0,0,0,0,0,0,0,0,0,0,0,0,0,0,0
0,INTL.26-4-AUS-BCF.A,"Dry natural gas exports, Australia, Annual",AUS,NA,NA,NA,NA,NA,NA,NA,NA,NA,NA,99,168,201,234,271,324,345,338,345,357,362,344,347,376,380,509,578,688,657,740,858,958,906,1129,1116,1203,2072,2621,3201,3548,3594,
0,INTL.26-4-AUT-BCF.A,"Dry natural gas exports, Austria, Annual",AUT,NA,NA,NA,NA,NA,NA,NA,NA,NA,NA,0,0,0,0,0,0.6,0,0,0,0,0.6,15,19,36,53,38,92,98,70,102,175,128,225,140,89,191,245,192,184,99,,
0,INTL.26-4-AZE-BCF.A,"Dry natural gas exports, Azerbaijan, Annual",AZE,--,--,--,--,--,--,--,--,--,--,--,--,0,0,0,0,0,0,0,0,0,0,0,0,0,0,0,45,190,205,192,222,215,271,274,259,255,284,321,409,,
0,INTL.26-4-BDI-BCF.A,"Dry natural gas exports, Burundi, Annual",BDI,NA,NA,NA,NA,NA,NA,NA,NA,NA,NA,0,0,0,0,0,0,0,0,0,0,0,0,0,0,0,0,0,0,0,0,0,0,0,0,0,0,0,0,0,0,0,0
0,INTL.26-4-BEL-BCF.A,"Dry natural gas exports, Belgium, Annual",BEL,NA,NA,NA,NA,NA,NA,NA,NA,NA,NA,0,0,0,0,0,0,0,0,0,0,0,0,0,0,0,0,0,0,25,126,113,140,45,33,30,60,24,26,47,139,,
0,INTL.26-4-BEN-BCF.A,"Dry natural gas exports, Benin, Annual",BEN,NA,NA,NA,NA,NA,NA,NA,NA,NA,NA,0,0,0,0,0,0,0,0,0,0,0,0,0,0,0,0,0,0,0,0,0,0,0,0,0,0,0,0,0,0,0,0
0,INTL.26-4-BFA-BCF.A,"Dry natural gas exports, Burkina Faso, Annual",BFA,NA,NA,NA,NA,NA,NA,NA,NA,NA,NA,0,0,0,0,0,0,0,0,0,0,0,0,0,0,0,0,0,0,0,0,0,0,0,0,0,0,0,0,0,0,0,0
0,INTL.26-4-BGD-BCF.A,"Dry natural gas exports, Bangladesh, Annual",BGD,NA,NA,NA,NA,NA,NA,NA,NA,NA,NA,0,0,0,0,0,0,0,0,0,0,0,0,0,0,0,0,0,0,0,0,0,0,0,0,0,0,0,0,0,0,0,0
0,INTL.26-4-BGR-BCF.A,"Dry natural gas exports, Bulgaria, Annual",BGR,NA,NA,NA,NA,NA,NA,NA,NA,NA,NA,0,0,0,0,0,0,0,0,0,0,0,0,0,0,0,0,0,0,0,0,0,0,0,0,0,0,0.1,1.1,0.4,0.3,(s),
0,INTL.26-4-BHR-BCF.A,"Dry natural gas exports, Bahrain, Annual",BHR,NA,NA,NA,NA,NA,NA,NA,NA,NA,NA,0,0,0,0,0,0,0,0,0,0,0,0,0,0,0,0,0,0,0,0,0,0,0,0,0,0,0,0,0,0,0,0
0,INTL.26-4-UKR-BCF.A,"Dry natural gas exports, Ukraine, Annual",UKR,--,--,--,--,--,--,--,--,--,--,--,--,0,0,0,0,0,0,0,0,0,0,0,0,501,526,519,109,113,99,92,0,0,0,0,0,0,0,0,0,,
0,INTL.26-4-URY-BCF.A,"Dry natural gas exports, Uruguay, Annual",URY,NA,NA,NA,NA,NA,NA,NA,NA,NA,NA,0,0,0,0,0,0,0,0,0,0,0,0,0,0,0,0,0,0,0,0,0,0,0,0,0,0,0,0,0,0,0,0
0,INTL.26-4-USA-BCF.A,"Dry natural gas exports, United States, Annual",USA,49,59,52,55,55,55,61,54,74,107,86,129,216,140,162,154,153,157,159,163,244,373,516,680,854,729,724,822,963,1072,1137,1506,1619,1572,1514,1784,2335,3154,3608,4658,5284,6653
0,INTL.26-4-USIQ-BCF.A,"Dry natural gas exports, U.S. Pacific Islands, Annual",USIQ,NA,NA,NA,NA,NA,NA,NA,NA,NA,NA,0,0,0,0,0,0,0,0,0,0,0,0,0,0,0,0,0,0,0,0,0,0,0,0,0,0,0,0,0,0,0,0
0,INTL.26-4-UZB-BCF.A,"Dry natural gas exports, Uzbekistan, Annual",UZB,--,--,--,--,--,--,--,--,--,--,--,--,519,501,509,346,261,283,526,540,480,632,396,360,343,406,447,519,530,537,509,424,360,477,284,267,357,332,509,469,,
0,INTL.26-4-VCT-BCF.A,"Dry natural gas exports, Saint Vincent/Grenadines, Annual",VCT,NA,NA,NA,NA,NA,NA,NA,NA,NA,NA,0,0,0,0,0,0,0,0,0,0,0,0,0,0,0,0,0,0,0,0,0,0,0,0,0,0,0,0,0,0,0,0
0,INTL.26-4-VEN-BCF.A,"Dry natural gas exports, Venezuela, Annual",VEN,NA,NA,NA,NA,NA,NA,NA,NA,NA,NA,0,0,0,0,0,0,0,0,0,0,0,0,0,0,0,0,0,0,0,0,0,0,0,0,0,0,0,0,0,0,0,0
0,INTL.26-4-VGB-BCF.A,"Dry natural gas exports, British Virgin Islands, Annual",VGB,NA,NA,NA,NA,NA,NA,NA,NA,NA,NA,0,0,0,0,0,0,0,0,0,0,0,0,0,0,0,0,0,0,0,0,0,0,0,0,0,0,0,0,0,0,0,0
0,INTL.26-4-VIR-BCF.A,"Dry natural gas exports, U.S. Virgin Islands, Annual",VIR,NA,NA,NA,NA,NA,NA,NA,NA,NA,NA,0,0,0,0,0,0,0,0,0,0,0,0,0,0,0,0,0,0,0,0,0,0,0,0,0,0,0,0,0,0,0,0
0,INTL.26-4-VNM-BCF.A,"Dry natural gas exports, Vietnam, Annual",VNM,NA,NA,NA,NA,NA,NA,NA,NA,NA,NA,0,0,0,0,0,0,0,0,0,0,0,0,0,0,0,0,0,0,0,0,0,0,0,0,0,0,0,0,0,0,0,0
0,INTL.26-4-VUT-BCF.A,"Dry natural gas exports, Vanuatu, Annual",VUT,NA,NA,NA,NA,NA,NA,NA,NA,NA,NA,0,0,0,0,0,0,0,0,0,0,0,0,0,0,0,0,0,0,0,0,0,0,0,0,0,0,0,0,0,0,0,0
0,INTL.26-4-WAK-BCF.A,"Dry natural gas exports, Wake Island, Annual",WAK,NA,NA,NA,NA,NA,NA,NA,NA,NA,NA,0,0,0,0,0,0,0,0,0,0,0,0,0,0,0,0,0,0,0,0,0,0,0,0,0,0,0,0,0,0,0,0
0,INTL.26-4-KEN-BCF.A,"Dry natural gas exports, Kenya, Annual",KEN,NA,NA,NA,NA,NA,NA,NA,NA,NA,NA,0,0,0,0,0,0,0,0,0,0,0,0,0,0,0,0,0,0,0,0,0,0,0,0,0,0,0,0,0,0,0,0
0,INTL.26-4-KGZ-BCF.A,"Dry natural gas exports, Kyrgyzstan, Annual",KGZ,--,--,--,--,--,--,--,--,--,--,--,--,0,0,0,0,0,0,0,0,0,0,0,0,0,0,0,0,0,0,0,0,0,0,0,0,0,0,0,0,0,0
0,INTL.26-4-KHM-BCF.A,"Dry natural gas exports, Cambodia, Annual",KHM,NA,NA,NA,NA,NA,NA,NA,NA,NA,NA,0,0,0,0,0,0,0,0,0,0,0,0,0,0,0,0,0,0,0,0,0,0,0,0,0,0,0,0,0,0,0,0
0,INTL.26-4-KIR-BCF.A,"Dry natural gas exports, Kiribati, Annual",KIR,NA,NA,NA,NA,NA,NA,NA,NA,NA,NA,0,0,0,0,0,0,0,0,0,0,0,0,0,0,0,0,0,0,0,0,0,0,0,0,0,0,0,0,0,0,0,0
0,INTL.26-4-KNA-BCF.A,"Dry natural gas exports, Saint Kitts and Nevis, Annual",KNA,NA,NA,NA,NA,NA,NA,NA,NA,NA,NA,0,0,0,0,0,0,0,0,0,0,0,0,0,0,0,0,0,0,0,0,0,0,0,0,0,0,0,0,0,0,0,0
0,INTL.26-4-KOR-BCF.A,"Dry natural gas exports, South Korea, Annual",KOR,NA,NA,NA,NA,NA,NA,NA,NA,NA,NA,0,0,0,0,0,0,0,0,0,0,0,0,0,0,0,0,0,0,0,0,0,0,0,0,2.5,3.2,3.2,2.7,(s),(s),,
0,INTL.26-4-KWT-BCF.A,"Dry natural gas exports, Kuwait, Annual",KWT,NA,NA,NA,NA,NA,NA,NA,NA,NA,NA,0,0,0,0,0,0,0,0,0,0,0,0,0,0,0,0,0,0,0,0,0,0,0,0,0,0,0,0,0,0,0,0
0,INTL.26-4-LAO-BCF.A,"Dry natural gas exports, Laos, Annual",LAO,NA,NA,NA,NA,NA,NA,NA,NA,NA,NA,0,0,0,0,0,0,0,0,0,0,0,0,0,0,0,0,0,0,0,0,0,0,0,0,0,0,0,0,0,0,0,0
0,INTL.26-4-LBN-BCF.A,"Dry natural gas exports, Lebanon, Annual",LBN,NA,NA,NA,NA,NA,NA,NA,NA,NA,NA,0,0,0,0,0,0,0,0,0,0,0,0,0,0,0,0,0,0,0,0,0,0,0,0,0,0,0,0,0,0,0,0
0,INTL.26-4-LBR-BCF.A,"Dry natural gas exports, Liberia, Annual",LBR,NA,NA,NA,NA,NA,NA,NA,NA,NA,NA,0,0,0,0,0,0,0,0,0,0,0,0,0,0,0,0,0,0,0,0,0,0,0,0,0,0,0,0,0,0,0,0
0,INTL.26-4-LBY-BCF.A,"Dry natural gas exports, Libya, Annual",LBY,NA,NA,NA,NA,NA,NA,NA,NA,NA,NA,45,56,65,57,52,53,42,40,32,34,28,28,22,26,75,193,300,352,367,353,349,112,227,200,228,249,168,164,158,201,157,
0,INTL.26-4-LCA-BCF.A,"Dry natural gas exports, Saint Lucia, Annual",LCA,NA,NA,NA,NA,NA,NA,NA,NA,NA,NA,0,0,0,0,0,0,0,0,0,0,0,0,0,0,0,0,0,0,0,0,0,0,0,0,0,0,0,0,0,0,0,0
0,INTL.26-4-LKA-BCF.A,"Dry natural gas exports, Sri Lanka, Annual",LKA,NA,NA,NA,NA,NA,NA,NA,NA,NA,NA,0,0,0,0,0,0,0,0,0,0,0,0,0,0,0,0,0,0,0,0,0,0,0,0,0,0,0,0,0,0,0,0
0,INTL.26-4-WORL-BCF.A,"Dry natural gas exports, World, Annual",WORL,NA,NA,NA,NA,NA,NA,NA,NA,NA,NA,10898,11355,17855,17791,17102,17853,19210,19206,19737,21398,22977,23948,24756,26613,28862,30900,32487,33269,34724,32122,34591,35813,35738,36576,35835,36939,38945,41882,42236,43683,,
0,INTL.26-4-BHS-BCF.A,"Dry natural gas exports, The Bahamas, Annual",BHS,NA,NA,NA,NA,NA,NA,NA,NA,NA,NA,0,0,0,0,0,0,0,0,0,0,0,0,0,0,0,0,0,0,0,0,0,0,0,0,0,0,0,0,0,0,0,0
0,INTL.26-4-BIH-BCF.A,"Dry natural gas exports, Bosnia and Herzegovina, Annual",BIH,--,--,--,--,--,--,--,--,--,--,--,--,0,0,0,0,0,0,0,0,0,0,0,0,0,0,0,0,0,0,0,0,0,0,0,0,0,0,0,0,0,0
0,INTL.26-4-BLR-BCF.A,"Dry natural gas exports, Belarus, Annual",BLR,--,--,--,--,--,--,--,--,--,--,--,--,0,0,0,0,0,0,0,0,0,0,0,0,0,0,0,0,0,0,0,0,0,0,0,0,0,0,0,0,0,0
0,INTL.26-4-BLZ-BCF.A,"Dry natural gas exports, Belize, Annual",BLZ,NA,NA,NA,NA,NA,NA,NA,NA,NA,NA,0,0,0,0,0,0,0,0,0,0,0,0,0,0,0,0,0,0,0,0,0,0,0,0,0,0,0,0,0,0,0,0
0,INTL.26-4-BMU-BCF.A,"Dry natural gas exports, Bermuda, Annual",BMU,NA,NA,NA,NA,NA,NA,NA,NA,NA,NA,0,0,0,0,0,0,0,0,0,0,0,0,0,0,0,0,0,0,0,0,0,0,0,0,0,0,0,0,0,0,0,0
0,INTL.26-4-NCL-BCF.A,"Dry natural gas exports, New Caledonia, Annual",NCL,NA,NA,NA,NA,NA,NA,NA,NA,NA,NA,0,0,0,0,0,0,0,0,0,0,0,0,0,0,0,0,0,0,0,0,0,0,0,0,0,0,0,0,0,0,0,0
0,INTL.26-4-NER-BCF.A,"Dry natural gas exports, Niger, Annual",NER,NA,NA,NA,NA,NA,NA,NA,NA,NA,NA,0,0,0,0,0,0,0,0,0,0,0,0,0,0,0,0,0,0,0,0,0,0,0,0,0,0,0,0,0,0,0,0
0,INTL.26-4-NGA-BCF.A,"Dry natural gas exports, Nigeria, Annual",NGA,NA,NA,NA,NA,NA,NA,NA,NA,NA,NA,0,0,0,0,0,0,0,0,0,26,202,307,277,416,441,425,621,773,726,564,846,917,956,772,881,930,822,961,955,971,,
0,INTL.26-4-NIC-BCF.A,"Dry natural gas exports, Nicaragua, Annual",NIC,NA,NA,NA,NA,NA,NA,NA,NA,NA,NA,0,0,0,0,0,0,0,0,0,0,0,0,0,0,0,0,0,0,0,0,0,0,0,0,0,0,0,0,0,0,0,0
0,INTL.26-4-NIU-BCF.A,"Dry natural gas exports, Niue, Annual",NIU,NA,NA,NA,NA,NA,NA,NA,NA,NA,NA,0,0,0,0,0,0,0,0,0,0,0,0,0,0,0,0,0,0,0,0,0,0,0,0,0,0,0,0,0,0,0,0
0,INTL.26-4-LSO-BCF.A,"Dry natural gas exports, Lesotho, Annual",LSO,NA,NA,NA,NA,NA,NA,NA,NA,NA,NA,0,0,0,0,0,0,0,0,0,0,0,0,0,0,0,0,0,0,0,0,0,0,0,0,0,0,0,0,0,0,0,0
0,INTL.26-4-CSK-BCF.A,"Dry natural gas exports, Former Czechoslovakia, Annual",CSK,NA,NA,NA,NA,NA,NA,NA,NA,NA,NA,26,1,0,--,--,--,--,--,--,--,--,--,--,--,--,--,--,--,--,--,--,--,--,--,--,--,--,--,--,--,--,--
0,INTL.26-4-CUB-BCF.A,"Dry natural gas exports, Cuba, Annual",CUB,NA,NA,NA,NA,NA,NA,NA,NA,NA,NA,0,0,0,0,0,0,0,0,0,0,0,0,0,0,0,0,0,0,0,0,0,0,0,0,0,0,0,0,0,0,0,0
0,INTL.26-4-CYM-BCF.A,"Dry natural gas exports, Cayman Islands, Annual",CYM,NA,NA,NA,NA,NA,NA,NA,NA,NA,NA,0,0,0,0,0,0,0,0,0,0,0,0,0,0,0,0,0,0,0,0,0,0,0,0,0,0,0,0,0,0,0,0
0,INTL.26-4-CYP-BCF.A,"Dry natural gas exports, Cyprus, Annual",CYP,NA,NA,NA,NA,NA,NA,NA,NA,NA,NA,0,0,0,0,0,0,0,0,0,0,0,0,0,0,0,0,0,0,0,0,0,0,0,0,0,0,0,0,0,0,0,0
0,INTL.26-4-CZE-BCF.A,"Dry natural gas exports, Czech Republic, Annual",CZE,--,--,--,--,--,--,--,--,--,--,--,--,--,0.1,0,(s),0.1,(s),(s),0,(s),0,(s),1.8,3.1,3,4.4,14,34,1,5.6,5.9,0.2,0.3,(s),0,0,0,0,0,0,
0,INTL.26-4-DDR-BCF.A,"Dry natural gas exports, Germany, East, Annual",DDR,NA,NA,NA,NA,NA,NA,NA,NA,NA,NA,0,--,--,--,--,--,--,--,--,--,--,--,--,--,--,--,--,--,--,--,--,--,--,--,--,--,--,--,--,--,--,--
0,INTL.26-4-DEU-BCF.A,"Dry natural gas exports, Germany, Annual",DEU,--,--,--,--,--,--,--,--,--,--,--,46,55,65,71,119,127,136,149,194,190,236,259,450,505,715,547,553,531,467,723,622,601,776,787,1148,814,1134,0,0,0,
0,INTL.26-4-DEUW-BCF.A,"Dry natural gas exports, Germany, West, Annual",DEUW,NA,NA,NA,NA,NA,NA,NA,NA,NA,NA,46,--,--,--,--,--,--,--,--,--,--,--,--,--,--,--,--,--,--,--,--,--,--,--,--,--,--,--,--,--,--,--
0,INTL.26-4-DJI-BCF.A,"Dry natural gas exports, Djibouti, Annual",DJI,NA,NA,NA,NA,NA,NA,NA,NA,NA,NA,0,0,0,0,0,0,0,0,0,0,0,0,0,0,0,0,0,0,0,0,0,0,0,0,0,0,0,0,0,0,0,0
0,INTL.26-4-DMA-BCF.A,"Dry natural gas exports, Dominica, Annual",DMA,NA,NA,NA,NA,NA,NA,NA,NA,NA,NA,0,0,0,0,0,0,0,0,0,0,0,0,0,0,0,0,0,0,0,0,0,0,0,0,0,0,0,0,0,0,0,0
0,INTL.26-4-DNK-BCF.A,"Dry natural gas exports, Denmark, Annual",DNK,NA,NA,NA,NA,NA,NA,NA,NA,NA,NA,37,50,55,57,60,59,68,105,95,96,107,119,116,101,145,197,185,160,195,141,125,110,105,79,74,77,75,79,54,47,60,
0,INTL.26-4-DOM-BCF.A,"Dry natural gas exports, Dominican Republic, Annual",DOM,NA,NA,NA,NA,NA,NA,NA,NA,NA,NA,0,0,0,0,0,0,0,0,0,0,0,0,0,0,0,0,0,0,0,0,0,0,0,0,0,0,0,1.4,1.1,1,,
0,INTL.26-4-BOL-BCF.A,"Dry natural gas exports, Bolivia, Annual",BOL,NA,NA,NA,NA,NA,NA,NA,NA,NA,NA,87,78,78,73,70,70,72,65,76,55,73,136,169,176,279,362,381,409,416,346,411,470,520,604,629,622,571,546,497,417,,
0,INTL.26-4-BRA-BCF.A,"Dry natural gas exports, Brazil, Annual",BRA,NA,NA,NA,NA,NA,NA,NA,NA,NA,NA,0,0,0,0,0,0,0,0,0,0,0,0,0,0,0,0,0,0,0,0,0,1.8,11,1.3,3.2,(s),18,4.8,2.8,0,,
0,INTL.26-4-BRB-BCF.A,"Dry natural gas exports, Barbados, Annual",BRB,NA,NA,NA,NA,NA,NA,NA,NA,NA,NA,0,0,0,0,0,0,0,0,0,0,0,0,0,0,0,0,0,0,0,0,0,0,0,0,0,0,0,0,0,0,0,0
0,INTL.26-4-BRN-BCF.A,"Dry natural gas exports, Brunei, Annual",BRN,NA,NA,NA,NA,NA,NA,NA,NA,NA,NA,268,247,251,264,273,296,298,293,288,297,310,318,324,341,335,323,346,330,325,311,312,333,314,326,276,301,283,292,289,291,275,
0,INTL.26-4-BTN-BCF.A,"Dry natural gas exports, Bhutan, Annual",BTN,NA,NA,NA,NA,NA,NA,NA,NA,NA,NA,0,0,0,0,0,0,0,0,0,0,0,0,0,0,0,0,0,0,0,0,0,0,0,0,0,0,0,0,0,0,0,0
0,INTL.26-4-BWA-BCF.A,"Dry natural gas exports, Botswana, Annual",BWA,NA,NA,NA,NA,NA,NA,NA,NA,NA,NA,0,0,0,0,0,0,0,0,0,0,0,0,0,0,0,0,0,0,0,0,0,0,0,0,0,0,0,0,0,0,0,0
0,INTL.26-4-CAF-BCF.A,"Dry natural gas exports, Central African Republic, Annual",CAF,NA,NA,NA,NA,NA,NA,NA,NA,NA,NA,0,0,0,0,0,0,0,0,0,0,0,0,0,0,0,0,0,0,0,0,0,0,0,0,0,0,0,0,0,0,0,0
0,INTL.26-4-CAN-BCF.A,"Dry natural gas exports, Canada, Annual",CAN,NA,NA,NA,NA,NA,NA,NA,NA,NA,NA,1437,1684,2045,2225,2522,2795,2829,2889,3149,3359,3576,3822,3804,3583,3717,3753,3606,3844,3672,3257,3376,3274,3118,2912,2754,2764,2918,2965,2811,2687,,
0,INTL.26-4-NLD-BCF.A,"Dry natural gas exports, Netherlands, Annual",NLD,NA,NA,NA,NA,NA,NA,NA,NA,NA,NA,1273,1431,1516,1551,1436,1436,1723,1499,1372,1345,1462,1749,1854,1698,1890,1842,1930,1966,2180,1964,2102,1972,2133,2363,2075,1800,1952,1810,1752,1512,,
0,INTL.26-4-NLDA-BCF.A,"Dry natural gas exports, Netherlands Antilles, Annual",NLDA,NA,NA,NA,NA,NA,NA,NA,NA,NA,NA,0,0,0,0,0,0,0,0,0,0,0,0,0,0,0,0,0,0,0,0,0,0,0,0,0,0,0,0,0,0,0,0
0,INTL.26-4-NOR-BCF.A,"Dry natural gas exports, Norway, Annual",NOR,NA,NA,NA,NA,NA,NA,NA,NA,NA,NA,896,891,908,877,948,975,1343,1494,1504,1606,1727,1783,2222,2481,2666,2885,2974,3012,3380,3433,3562,3415,3898,3659,3636,3954,3952,4244,4133,3890,3791,
0,INTL.26-4-NPL-BCF.A,"Dry natural gas exports, Nepal, Annual",NPL,NA,NA,NA,NA,NA,NA,NA,NA,NA,NA,0,0,0,0,0,0,0,0,0,0,0,0,0,0,0,0,0,0,0,0,0,0,0,0,0,0,0,0,0,0,0,0
0,INTL.26-4-NRU-BCF.A,"Dry natural gas exports, Nauru, Annual",NRU,NA,NA,NA,NA,NA,NA,NA,NA,NA,NA,0,0,0,0,0,0,0,0,0,0,0,0,0,0,0,0,0,0,0,0,0,0,0,0,0,0,0,0,0,0,0,0
0,INTL.26-4-NZL-BCF.A,"Dry natural gas exports, New Zealand, Annual",NZL,NA,NA,NA,NA,NA,NA,NA,NA,NA,NA,0,0,0,0,0,0,0,0,0,0,0,0,0,0,0,0,0,0,0,0,0,0,0,0,0,0,0,0,0,0,0,0
0,INTL.26-4-LTU-BCF.A,"Dry natural gas exports, Lithuania, Annual",LTU,--,--,--,--,--,--,--,--,--,--,--,--,0,0,0,0,0,0,0,0,0,0,0,0,0,0,0,0,0,0,0,0,0,0,0,0,0,0,0,14,18,
0,INTL.26-4-LUX-BCF.A,"Dry natural gas exports, Luxembourg, Annual",LUX,NA,NA,NA,NA,NA,NA,NA,NA,NA,NA,0,0,0,0,0,0,0,0,0,0,0,0,0,0,0,0,0,0,0,0,0,0,0,0,0,0,0,0,0,0,0,0
0,INTL.26-4-LVA-BCF.A,"Dry natural gas exports, Latvia, Annual",LVA,--,--,--,--,--,--,--,--,--,--,--,--,0,0,0,0,0,0,0,0,0,0,0,0,0,0,0,0,0,0,0,0,0,0,0,0,0,0,0,0,0,0
0,INTL.26-4-MAC-BCF.A,"Dry natural gas exports, Macau, Annual",MAC,NA,NA,NA,NA,NA,NA,NA,NA,NA,NA,0,0,0,0,0,0,0,0,0,0,0,0,0,0,0,0,0,0,0,0,0,0,0,0,0,0,0,0,0,0,0,0
0,INTL.26-4-MAR-BCF.A,"Dry natural gas exports, Morocco, Annual",MAR,NA,NA,NA,NA,NA,NA,NA,NA,NA,NA,0,0,0,0,0,0,0,0,0,0,0,0,0,0,0,0,0,0,0,0,0,0,0,0,0,0,0,0,0,0,0,0
0,INTL.26-4-MDA-BCF.A,"Dry natural gas exports, Moldova, Annual",MDA,--,--,--,--,--,--,--,--,--,--,--,--,0,0,0,0,0,0,0,0,0,0,0,0,0,0,0,0,0,0,0,0,0,0,0,0,0,0,0,0,0,0
0,INTL.26-4-MDG-BCF.A,"Dry natural gas exports, Madagascar, Annual",MDG,NA,NA,NA,NA,NA,NA,NA,NA,NA,NA,0,0,0,0,0,0,0,0,0,0,0,0,0,0,0,0,0,0,0,0,0,0,0,0,0,0,0,0,0,0,0,0
0,INTL.26-4-MDV-BCF.A,"Dry natural gas exports, Maldives, Annual",MDV,NA,NA,NA,NA,NA,NA,NA,NA,NA,NA,0,0,0,0,0,0,0,0,0,0,0,0,0,0,0,0,0,0,0,0,0,0,0,0,0,0,0,0,0,0,0,0
0,INTL.26-4-MEX-BCF.A,"Dry natural gas exports, Mexico, Annual",MEX,NA,NA,NA,NA,NA,NA,NA,NA,NA,NA,0,0,0,1.7,7,7.8,13,13,12,50,8.6,9.1,1.6,0,0,8.7,12,51,46,29,32,2.9,0.4,1.4,1.8,1.1,0.9,1.3,3.3,1.9,,
0,INTL.26-4-MKD-BCF.A,"Dry natural gas exports, North Macedonia, Annual",MKD,--,--,--,--,--,--,--,--,--,--,--,--,0,0,0,0,0,0,0,0,0,0,0,0,0,0,0,0,0,0,0,0,0,0,0,0,0,0,0,0,0,0
0,INTL.26-4-MLI-BCF.A,"Dry natural gas exports, Mali, Annual",MLI,NA,NA,NA,NA,NA,NA,NA,NA,NA,NA,0,0,0,0,0,0,0,0,0,0,0,0,0,0,0,0,0,0,0,0,0,0,0,0,0,0,0,0,0,0,0,0
0,INTL.26-4-WSM-BCF.A,"Dry natural gas exports, Samoa, Annual",WSM,NA,NA,NA,NA,NA,NA,NA,NA,NA,NA,0,0,0,0,0,0,0,0,0,0,0,0,0,0,0,0,0,0,0,0,0,0,0,0,0,0,0,0,0,0,0,0
0,INTL.26-4-XKS-BCF.A,"Dry natural gas exports, Kosovo, Annual",XKS,--,--,--,--,--,--,--,--,--,--,--,--,--,--,--,--,--,--,--,--,--,--,--,--,--,--,--,--,0,0,0,0,0,0,0,0,0,0,0,0,0,0
0,INTL.26-4-YEM-BCF.A,"Dry natural gas exports, Yemen, Annual",YEM,NA,NA,NA,NA,NA,NA,NA,NA,NA,NA,0,0,0,0,0,0,0,0,0,0,0,0,0,0,0,0,0,0,0,15,187,309,241,329,311,67,0,0,0,0,0,
0,INTL.26-4-YUG-BCF.A,"Dry natural gas exports, Former Yugoslavia, Annual",YUG,NA,NA,NA,NA,NA,NA,NA,NA,NA,NA,0,0,--,--,--,--,--,--,--,--,--,--,--,--,--,--,--,--,--,--,--,--,--,--,--,--,--,--,--,--,--,--
0,INTL.26-4-ZAF-BCF.A,"Dry natural gas exports, South Africa, Annual",ZAF,NA,NA,NA,NA,NA,NA,NA,NA,NA,NA,0,0,0,0,0,0,0,0,0,0,0,0,0,0,0,0,0,0,0,0,0,0,0,0,0,0,0,0,0,0,0,0
0,INTL.26-4-ZMB-BCF.A,"Dry natural gas exports, Zambia, Annual",ZMB,NA,NA,NA,NA,NA,NA,NA,NA,NA,NA,0,0,0,0,0,0,0,0,0,0,0,0,0,0,0,0,0,0,0,0,0,0,0,0,0,0,0,0,0,0,0,0
0,INTL.26-4-ZWE-BCF.A,"Dry natural gas exports, Zimbabwe, Annual",ZWE,NA,NA,NA,NA,NA,NA,NA,NA,NA,NA,0,0,0,0,0,0,0,0,0,0,0,0,0,0,0,0,0,0,0,0,0,0,0,0,0,0,0,0,0,0,0,0
0,INTL.26-4-OMN-BCF.A,"Dry natural gas exports, Oman, Annual",OMN,NA,NA,NA,NA,NA,NA,NA,NA,NA,NA,0,0,0,0,3.5,18,18,18,16,16,100,269,299,332,371,375,457,465,385,408,406,386,384,398,363,353,376,394,463,487,,
0,INTL.26-4-PAK-BCF.A,"Dry natural gas exports, Pakistan, Annual",PAK,NA,NA,NA,NA,NA,NA,NA,NA,NA,NA,0,0,0,0,0,0,0,0,0,0,0,0,0,0,0,0,0,0,0,0,0,0,0,0,0,0,0,0,0,0,0,0
0,INTL.26-4-PAN-BCF.A,"Dry natural gas exports, Panama, Annual",PAN,NA,NA,NA,NA,NA,NA,NA,NA,NA,NA,0,0,0,0,0,0,0,0,0,0,0,0,0,0,0,0,0,0,0,0,0,0,0,0,0,0,0,0,0,0,0,0
0,INTL.26-4-CHE-BCF.A,"Dry natural gas exports, Switzerland, Annual",CHE,NA,NA,NA,NA,NA,NA,NA,NA,NA,NA,0,0,0,0,0,0,0,0,0,0,0,0,0,0,0,0,0,0,0,0,0,0,0,0,0,0,0,0,0,0,0,0
0,INTL.26-4-CHL-BCF.A,"Dry natural gas exports, Chile, Annual",CHL,NA,NA,NA,NA,NA,NA,NA,NA,NA,NA,0,0,0,0,0,0,0,0,0,0,0,0,0,0,0,0,0,0,0,0,0,0,0,0,0,0,13,9.8,5.6,0,,
0,INTL.26-4-MLT-BCF.A,"Dry natural gas exports, Malta, Annual",MLT,NA,NA,NA,NA,NA,NA,NA,NA,NA,NA,0,0,0,0,0,0,0,0,0,0,0,0,0,0,0,0,0,0,0,0,0,0,0,0,0,0,0,0,0,0,0,0
0,INTL.26-4-MMR-BCF.A,"Dry natural gas exports, Burma, Annual",MMR,NA,NA,NA,NA,NA,NA,NA,NA,NA,NA,0,0,0,0,0,0,0,0,0,3.2,55,178,219,250,266,313,317,332,302,293,311,303,299,307,413,491,522,497,463,501,,
0,INTL.26-4-MNE-BCF.A,"Dry natural gas exports, Montenegro, Annual",MNE,--,--,--,--,--,--,--,--,--,--,--,--,--,--,--,--,--,--,--,--,--,--,--,--,--,--,0,0,0,0,0,0,0,0,0,0,0,0,0,0,0,0
0,INTL.26-4-MNG-BCF.A,"Dry natural gas exports, Mongolia, Annual",MNG,NA,NA,NA,NA,NA,NA,NA,NA,NA,NA,0,0,0,0,0,0,0,0,0,0,0,0,0,0,0,0,0,0,0,0,0,0,0,0,0,0,0,0,0,0,0,0
